restaurant_name,street_address,google_map,phone
STK - NYC - Midtown,"1114 Avenue of the Americas New York, NY  10036",//www.google.com/maps/search/?api=1&query=40.7547900%2C-73.982626,(646) 624-2455
Tavern on the Green,"1 Tavern on the Green New York, NY  10023",//www.google.com/maps/search/?api=1&query=40.7723930%2C-73.97862,(212) 877-8684
Lido,"2168 Frederick Douglass Blvd. New York, NY  10026",//www.google.com/maps/search/?api=1&query=40.8050550%2C-73.954881,(646) 490-8575
Becco,"355 West 46th Street New York, NY  10010",//www.google.com/maps/search/?api=1&query=40.7604440%2C-73.989473,(212) 397-7597
Catch New York,"21 Ninth Avenue New York, NY  10014",//www.google.com/maps/search/?api=1&query=40.7400440%2C-74.006049,(212) 392-5978
Tao Uptown,"42 East 58th Street New York, NY  10022",//www.google.com/maps/search/?api=1&query=40.7626390%2C-73.97163,(212) 888-2288
Tao Downtown,"92 Ninth Ave New York, NY  10011",//www.google.com/maps/search/?api=1&query=40.7426140%2C-74.004205,(212) 888-2724
Serra by Birreria,"200 Fifth Avenue New York, NY  10010",//www.google.com/maps/search/?api=1&query=40.7420200%2C-73.989927,(212) 937-8910
Red Rooster Harlem,"310 Lenox Avenue New York, NY  10027",//www.google.com/maps/search/?api=1&query=40.8081470%2C-73.944909,(212) 792-9001
Del Frisco's Double Eagle Steakhouse - New York City,,,
FIG & OLIVE Fifth Avenue,"10 East 52nd Street New York, NY  10021",//www.google.com/maps/search/?api=1&query=40.7595440%2C-73.975721,(212) 319-2002
Sarabeth's West,"423 Amsterdam Avenue New York, NY  10024",//www.google.com/maps/search/?api=1&query=40.7838690%2C-73.977432,(212) 496-6280
Rosa Mexicano by Lincoln Center,"61 Columbus Avenue New York, NY  10023",//www.google.com/maps/search/?api=1&query=40.7705900%2C-73.98357,(212) 977-7700
Bar Boulud,"1900 Broadway New York, NY  10023",//www.google.com/maps/search/?api=1&query=40.7713730%2C-73.982034,(212) 595-0303
Boulud Sud,"20 West 64th Street New York, NY  10023",//www.google.com/maps/search/?api=1&query=40.7716450%2C-73.981032,(212) 595-1313
Café Boulud,"20 East 76th St. New York, NY  10021",//www.google.com/maps/search/?api=1&query=40.7745190%2C-73.963928,(212) 772-2600
ilili,"236 Fifth Avenue New York, NY  10001",//www.google.com/maps/search/?api=1&query=40.7442760%2C-73.987587,(212) 683-2929
JoJo,,,
Atlantic Grill Near Lincoln Center,"49 West 64th St. New York, NY  10023",//www.google.com/maps/search/?api=1&query=40.7720650%2C-73.981511,(212) 787-4663
La Pecora Bianca - Midtown,"950 2nd Avenue New York, NY  10022",//www.google.com/maps/search/?api=1&query=40.7550050%2C-73.968053,(212) 899-9996
Toloache-Midtown,"251 West 50th Street New York, NY  10012",//www.google.com/maps/search/?api=1&query=40.7621700%2C-73.985663,(212) 581-1818
Lincoln Ristorante,"142 West 65th St. New York, NY  10023",//www.google.com/maps/search/?api=1&query=40.7736160%2C-73.98356,(212) 359-6500
The View Restaurant,"1535 Broadway New York, NY  10036",//www.google.com/maps/search/?api=1&query=40.7582300%2C-73.985763,(212) 704-8900
Ocean Prime - New York,"123 West 52nd Street New York, NY  10019",//www.google.com/maps/search/?api=1&query=40.7617290%2C-73.980629,(212) 956-1404
The Palm Court at The Plaza Hotel,,,
La Pecora Bianca - NoMad,"1133 Broadway New York, NY  10010",//www.google.com/maps/search/?api=1&query=40.7436890%2C-73.989339,(212) 498-9696
Scarpetta,"88 Madison Ave New York, NY  10016",//www.google.com/maps/search/?api=1&query=40.7444290%2C-73.985796,(212) 691-0555
Zuma Japanese Restaurant - NY,"261 Madison Avenue New York, NY  10016",//www.google.com/maps/search/?api=1&query=40.7504680%2C-73.980608,(212) 544-9862
Blue Fin - New York,"1567 Broadway at 47th Street W Hotel Times Square New York, NY  10036",//www.google.com/maps/search/?api=1&query=40.7592810%2C-73.985265,(212) 918-1400
Hakkasan - New York,"311 West 43rd Street New York, NY  10036",//www.google.com/maps/search/?api=1&query=40.7583430%2C-73.990152,(212) 776-1818
Park Avenue Summer,,,
Empellon Midtown,"Empellon 510 Madison Avenue New York, NY  10022",//www.google.com/maps/search/?api=1&query=40.7596930%2C-73.974572,(212) 858-9365
'Cesca,"164 W. 75th St. New York, NY  10024",//www.google.com/maps/search/?api=1&query=40.7801000%2C-73.9792,(212) 787-6300
Butter Midtown,"70 West 45th New York, NY  10036",//www.google.com/maps/search/?api=1&query=40.7564900%2C-73.982279,(212) 302-8703
LAVO Italian Restaurant,,,
Morandi,,,
Orsay,"1057-59 Lexington Avenue New York, NY  10021",//www.google.com/maps/search/?api=1&query=40.7723970%2C-73.960762,(212) 517-6400 ext. 0
Philippe Chow - Uptown,,,
La Masseria,"235 West 48th Street New York, NY  10036",//www.google.com/maps/search/?api=1&query=40.7604370%2C-73.985575,(212) 582-2111
Barbounia,"250 Park Ave South New York, NY  10003",//www.google.com/maps/search/?api=1&query=40.7380000%2C-73.988,(212) 995-0242
Morimoto New York,"88 10th Avenue New York, NY  10011",//www.google.com/maps/search/?api=1&query=40.7432360%2C-74.007408,(212) 989-8883
The Wayfarer,"101 West 57th St. New York, NY  10019",//www.google.com/maps/search/?api=1&query=40.7643890%2C-73.977469,(212) 691-0030
Casa Lever,"390 Park Avenue New York, NY  10022",//www.google.com/maps/search/?api=1&query=40.7595780%2C-73.97239,(212) 888-2700
Victor's Café,,,
db Bistro moderne,"55 West 44th Street New York, NY  10036",//www.google.com/maps/search/?api=1&query=40.7556310%2C-73.981658,(212) 391-2400
Claudette,"24 Fifth Avenue New York, NY  10011",//www.google.com/maps/search/?api=1&query=40.7331340%2C-73.995975,(212) 868-2424
Jams - NYC,"1414 6th Avenue New York, NY  10019",//www.google.com/maps/search/?api=1&query=40.7648320%2C-73.976823,(212) 703-2007
Smith & Wollensky - New York,"797 Third Avenue New York, NY  10022",//www.google.com/maps/search/?api=1&query=40.7551690%2C-73.970853,(212) 753-1530
FIG & OLIVE Meatpacking,"420 West 13th Street New York, NY  10014",//www.google.com/maps/search/?api=1&query=40.7406100%2C-74.00676,(212) 924-1200
Oxbow Tavern,,,
Smoke Jazz and Supper Club,"2751 Broadway New York, NY  10025",//www.google.com/maps/search/?api=1&query=40.8012200%2C-73.968013,(212) 864-6662
Danji,"346 West 52nd Street New York, NY  10019",//www.google.com/maps/search/?api=1&query=40.7640010%2C-73.986873,(212) 586-2880
21 Club,"21 West 52nd Street New York, NY  10019",//www.google.com/maps/search/?api=1&query=40.7602250%2C-73.97706,(212) 582-7200
Molyvos,"871 7th Avenue New York, NY  10019",//www.google.com/maps/search/?api=1&query=40.7644260%2C-73.980646,(212) 582-7500
Lexington Brass,"517 Lexington Avenue New York, NY  10017",//www.google.com/maps/search/?api=1&query=40.7552470%2C-73.972979,(212) 392-5976
Il Mulino New York - Uptown,"37 East 60th New York, NY  10021",//www.google.com/maps/search/?api=1&query=40.7641430%2C-73.970194,(212) 750-3270
Ousia,"629 W 57th St New York, NY  10019",//www.google.com/maps/search/?api=1&query=40.7714850%2C-73.994053,(212) 333-2000
Dos Caminos - Times Square,"1567 Broadway W Hotel Times Square New York, NY  10036",//www.google.com/maps/search/?api=1&query=40.7593250%2C-73.985599,(212) 918-1330
T-BAR Steak & Lounge (Upper East Side),"1278 3rd Avenue New York, NY  10028",//www.google.com/maps/search/?api=1&query=40.7710000%2C-73.96,(212) 772-0404
Sarabeth's Park Avenue South,"381 Park Ave South New York, NY  10013",//www.google.com/maps/search/?api=1&query=40.7425210%2C-73.984531,(212) 335-0093
Masseria dei Vini,"887-889 9th Ave. New York, NY  10019",//www.google.com/maps/search/?api=1&query=40.7684920%2C-73.985762,(212) 315-2888
Kellari Taverna,"19 West 44th Street New York, NY  10036",//www.google.com/maps/search/?api=1&query=40.7550000%2C-73.98,(212) 221-0144
Burke & Wills,"226 West 79th Street New York, NY  10024",//www.google.com/maps/search/?api=1&query=40.7833610%2C-73.979579,(646) 823-9251
Marseille,"630 Ninth Avenue New York, NY  10036",//www.google.com/maps/search/?api=1&query=40.7599110%2C-73.991356,(212) 333-2323
L'adresse,,,
Bocca di Bacco (Hell's Kitchen - 54th St.),"828 9th Avenue New York, NY  10019",//www.google.com/maps/search/?api=1&query=40.7661560%2C-73.986752,(212) 265-8828
Kyma - Flatiron,,,
The Capital Grille - NY - Rockefeller Center,,,
Tommy Bahama - New York,"551 Fifth Avenue New York, NY  10176",//www.google.com/maps/search/?api=1&query=40.7553670%2C-73.978413,(212) 537-0960
BLACKBARN Restaurant - NoMad,,,
La Sirene UWS,,,
GAONNURI,"1250 BROADWAY 39th Floor New York, NY  10001",//www.google.com/maps/search/?api=1&query=40.7481350%2C-73.988038,(212) 971-9045
Rosa Mexicano - Union Square,"9 E. 18th St. New York, NY  10003",//www.google.com/maps/search/?api=1&query=40.7380000%2C-73.991,(212) 533-3350
Obao,"647 9th Avenue New York, NY  10036",//www.google.com/maps/search/?api=1&query=40.7606000%2C-73.991223,(212) 245-8880
Obao,"647 9th Avenue New York, NY  10036",//www.google.com/maps/search/?api=1&query=40.7606000%2C-73.991223,(212) 245-8880
Almond,"12 East 22nd Street New York, NY  10010",//www.google.com/maps/search/?api=1&query=40.7405000%2C-73.9893,(212) 228-7557
Ai Fiori,"400 5th Avenue New York, NY  10018",//www.google.com/maps/search/?api=1&query=40.7502280%2C-73.983714,(212) 613-8660
Cafe d'Alsace,"1695 2nd Ave (Corner of  88th Street & 2nd Ave) New York, NY  10128",//www.google.com/maps/search/?api=1&query=40.7790080%2C-73.950886,(212) 722-5133
Hunt & Fish Club NYC,"125 West 44th Street New York, NY  10036",//www.google.com/maps/search/?api=1&query=40.7567930%2C-73.984254,(212) 575-4949
Rosa Mexicano - First Avenue,"1063 1st Avenue New York, NY  10022",//www.google.com/maps/search/?api=1&query=40.7589250%2C-73.962759,(212) 753-7407
Lattanzi,,,
Glass House Tavern,"252 West 47th Street New York, NY  10036",//www.google.com/maps/search/?api=1&query=40.7598310%2C-73.986685,(212) 730-4800
The Whitby Bar and Restaurant,"18 W 56th St New York, NY  10019",//www.google.com/maps/search/?api=1&query=40.7626050%2C-73.975734,(646) 928-4207
La Goulue,,,
FIG & OLIVE Uptown,"808 Lexington Avenue New York, NY  10065",//www.google.com/maps/search/?api=1&query=40.7644040%2C-73.966924,(212) 207-4555
Empellon Taqueria,"230 West 4th New York, NY  10014",//www.google.com/maps/search/?api=1&query=40.7341240%2C-74.003031,(212) 367-0999
MR CHOW - 57th,"324 East 57th Street New York, NY  10022",//www.google.com/maps/search/?api=1&query=40.7588750%2C-73.964281,(212) 751-9030
Bocca Di Bacco (Theatre District - 45th St.),"635 9th Avenue New York, NY  10036",//www.google.com/maps/search/?api=1&query=40.7600000%2C-73.991,(212) 262-2525
The Capital Grille - NY – Chrysler Center,"155 E 42nd Street Located in the Trylon Towers of The Chrysler Center New York, NY  10017",//www.google.com/maps/search/?api=1&query=40.7513190%2C-73.974901,(212) 953-2000
Bobo Restaurant,"181 West 10th Street New York, NY  10014",//www.google.com/maps/search/?api=1&query=40.7342970%2C-74.002619,(212) 488-2626
Rotisserie Georgette,"14 East 60th Street New York, NY  10022",//www.google.com/maps/search/?api=1&query=40.7644250%2C-73.971617,(212) 390-8060
Brasserie 8 1/2,"9 West 57th St. New York, NY  10019",//www.google.com/maps/search/?api=1&query=40.7632810%2C-73.974308,(212) 829-0812
Casa Nonna - Midtown,"310 West 38th Street New York, NY  10010",//www.google.com/maps/search/?api=1&query=40.7549900%2C-73.992876,(212) 736-3000
Benoit Restaurant and Wine Bar,"60 West 55th Street New York, NY  10019",//www.google.com/maps/search/?api=1&query=40.7624850%2C-73.976843,(646) 943-7373
Ruth's Chris Steak House - New York City - Midtown,"148 West 51st Street New York, NY  10019",//www.google.com/maps/search/?api=1&query=40.7614000%2C-73.9821,(212) 245-9600
Sarabeth's Central Park South,"40 Central Park South New York, NY  10019",//www.google.com/maps/search/?api=1&query=40.7652880%2C-73.975283,(212) 826-5959
Gallaghers Steakhouse - Manhattan,"228 West 52nd Street New York, NY  10019",//www.google.com/maps/search/?api=1&query=40.7627930%2C-73.98384,(212) 586-5000
Nice Matin,"201 West 79th Street New York, NY  10024",//www.google.com/maps/search/?api=1&query=40.7831000%2C-73.9783,(212) 873-6423
Sarabeth's East,"1295 Madison Avenue New York, NY  10128",//www.google.com/maps/search/?api=1&query=40.7845480%2C-73.956095,(212) 410-7335
The Ribbon - Midtown,,,
Storico,"New-York Historical Society 170 Central Park West New York, NY  10024",//www.google.com/maps/search/?api=1&query=40.7794400%2C-73.973911,(212) 485-9211
Armani Ristorante 5th Avenue,"717 5th Avenue New York, NY  10022",//www.google.com/maps/search/?api=1&query=40.7621420%2C-73.974562,(212) 207-1902
The Leopard at des Artistes,"1 West 67th St. New York, NY  10023",//www.google.com/maps/search/?api=1&query=40.7734360%2C-73.978955,(212) 787-8767
STK - NYC - Meatpacking,"26 Little West 12th St. New York, NY  10014",//www.google.com/maps/search/?api=1&query=40.7399000%2C-74.007395,(646) 624-2444
Felidia,"243 E. 58th New York, NY  10022",//www.google.com/maps/search/?api=1&query=40.7606210%2C-73.966034,(212) 758-1479
Manzo Ristorante - Eataly NYC Flatiron,"200 5th Avenue New York, NY  10010",//www.google.com/maps/search/?api=1&query=40.7419670%2C-73.989491,(212) 229-2180
The Lambs Club,,,
Bar Italia,"768 Madison Avenue New York, NY  10065",//www.google.com/maps/search/?api=1&query=40.7678710%2C-73.968442,(917) 546-6676
Riverpark,"450 East 29th Street New York, NY  10016",//www.google.com/maps/search/?api=1&query=40.7393840%2C-73.973595,(212) 729-9790
Club A Steakhouse,"240 East 58th Street New York, NY  10022",//www.google.com/maps/search/?api=1&query=40.7605260%2C-73.96609,(212) 688-4190
Michael's,"24 West 55th Street New York, NY  10019",//www.google.com/maps/search/?api=1&query=40.7621300%2C-73.976223,(212) 767-0555 ext. 1
Felice 83,,,
STK Rooftop,,,
Sea Fire Grill,"158 East 48th Street New York, NY  10017",//www.google.com/maps/search/?api=1&query=40.7548880%2C-73.972435,(212) 935-3785
Le Rivage,,,
LEGASEA,"485 Seventh Avenue New York, NY  10018",//www.google.com/maps/search/?api=1&query=40.7523580%2C-73.989319,(212) 268-1888
Natsumi Restaurant,"226 West 50th Street New York, NY  10019",//www.google.com/maps/search/?api=1&query=40.7618480%2C-73.985039,(212) 258-2988
Feroce,,,
DaDong NY,"3 Bryant Park New York, NY  10036",//www.google.com/maps/search/?api=1&query=40.7535960%2C-73.983232,(212) 355-9600
Monkey Bar,"60 East 54th Street New York, NY  10022",//www.google.com/maps/search/?api=1&query=40.7600270%2C-73.973006,(212) 288-1010
Bluebird London NYC,,,
Sant Ambroeus - West Village,"259 West 4th Street New York, NY  10014",//www.google.com/maps/search/?api=1&query=40.7354210%2C-74.003143,(212) 604-9254
Anassa Taverna,"200 East 60th Street New York, NY  10022",//www.google.com/maps/search/?api=1&query=40.7620370%2C-73.966063,(212) 371-5200
Boucherie - Union Square,,,
Shun Lee West,"43 West 65th Street New York, NY  10023",//www.google.com/maps/search/?api=1&query=40.7727140%2C-73.98143,(212) 595-8895
Chez Josephine,"414 West 42nd Street New York, NY  10036",//www.google.com/maps/search/?api=1&query=40.7584870%2C-73.993562,(212) 594-1925
Match 65 Brasserie (formerly Paris Match),"29 East 65th Street New York, NY  10065",//www.google.com/maps/search/?api=1&query=40.7671920%2C-73.968298,(212) 737-4400
Philippe Chow - Downtown,,,
Hudson Yards Grill,,,
Dos Caminos - Park,"373 Park Ave South at 27th Street New York, NY  10016",//www.google.com/maps/search/?api=1&query=40.7423580%2C-73.984693,(212) 294-1000
Woodpecker by David Burke,,,
Casa Mono,,,
Bodega Negra,"355 West 16th street New York, NY  10011",//www.google.com/maps/search/?api=1&query=40.7420080%2C-74.003721,(212) 229-2336
Haru Sushi - Amsterdam Ave,"433 Amsterdam Avenue New York, NY  10024",//www.google.com/maps/search/?api=1&query=40.7841670%2C-73.977247,(212) 579-5655
Maiella - LIC,"46-10 Center Blvd. Long Island City, NY  11109",//www.google.com/maps/search/?api=1&query=40.7448040%2C-73.95789,(718) 606-1770
Churrascaria Plataforma Brazilian Steakhouse,"316 West 49th Street New York, NY  10019",//www.google.com/maps/search/?api=1&query=40.7618550%2C-73.987024,(212) 245-0505
Bobby Van's Grill - 50th Street,"135 West 50th Street New York, NY  10020",//www.google.com/maps/search/?api=1&query=40.7600000%2C-73.982,(212) 957-5050
MIFUNE New York,":​ 245 E, 44th Street New York, NY  10017",//www.google.com/maps/search/?api=1&query=40.7516370%2C-73.97176,(212) 986-2800
Brasserie Cognac East,,,
Il Cantinori,"32 East 10th Street New York, NY  10003",//www.google.com/maps/search/?api=1&query=40.7330000%2C-73.994,(212) 673-6044
Benjamin Steakhouse Prime,"23 E 40th St. New York, NY  10016",//www.google.com/maps/search/?api=1&query=40.7514370%2C-73.979977,(212) 338-0818
Lincoln Square Steak,"208 West 70th Street New York, NY  10023",//www.google.com/maps/search/?api=1&query=40.7772340%2C-73.983146,(212) 875-8600
Naples 45,,,
Ammos Estiatorio,"52 Vanderbilt Avenue New York, NY  10017",//www.google.com/maps/search/?api=1&query=40.7542670%2C-73.977181,(212) 922-9999
Trattoria Zero Otto Nove,"15 West 21st Street New York, NY  10010",//www.google.com/maps/search/?api=1&query=40.7408570%2C-73.991622,(212) 242-0899
Ortzi by Jose Garces,"120 W 41st St New York, NY  10036",//www.google.com/maps/search/?api=1&query=40.7544110%2C-73.985758,(212) 730-8900
Obica Mozzarella Bar  Pizza e Cucina,"928 Broadway New York, NY  10010",//www.google.com/maps/search/?api=1&query=40.7400480%2C-73.989301,(212) 777-2754
Zengo - NYC,"622 Third Avenue New York, NY  10017",//www.google.com/maps/search/?api=1&query=40.7500930%2C-73.975875,(212) 808-8110
Fine & Rare,,,
Bagatelle - NY,"One Little West 12th New York, NY  10014",//www.google.com/maps/search/?api=1&query=40.7396090%2C-74.006141,(212) 488-2110
Periyali,"35 W. 20th St. New York, NY  10011",//www.google.com/maps/search/?api=1&query=40.7401000%2C-73.992,(212) 463-7890
David Burke Tavern,,,
Strip House Midtown,"15 West 44th New York, NY  10036",//www.google.com/maps/search/?api=1&query=40.7552990%2C-73.980925,(212) 336-5454
Farmer & The Fish - Gramercy,"245 Park Ave S New York, NY  10003",//www.google.com/maps/search/?api=1&query=40.7379780%2C-73.987496,(646) 998-5991
.Tarallucci e Vino Upper West Side,"475 Columbus Ave New York, NY  10024",//www.google.com/maps/search/?api=1&query=40.7842980%2C-73.973346,(212) 362-5454
Bann Restaurant,"350 West 50th Street New York, NY  10019",//www.google.com/maps/search/?api=1&query=40.7629670%2C-73.987845,(212) 582-4446
The Flatiron Room,,,
Maloney & Porcelli,"37 E. 50th St. New York, NY  10022",//www.google.com/maps/search/?api=1&query=40.7577590%2C-73.975376,(212) 750-2233
Le Coq Rico,"30 East 20th Street New York, NY  10003",//www.google.com/maps/search/?api=1&query=40.7385740%2C-73.988902,(212) 267-7426
Pera Mediterranean Brasserie,"303 Madison Avenue New York, NY  10017",//www.google.com/maps/search/?api=1&query=40.7525360%2C-73.979487,(212) 878-6301
Brasserie Ruhlmann,"45 Rockefeller Plaza New York, NY  10011",//www.google.com/maps/search/?api=1&query=40.7590000%2C-73.978,(212) 974-2020
Etcetera Etcetera,"352 West 44th Street New York, NY  10036",//www.google.com/maps/search/?api=1&query=40.7591600%2C-73.990333,(212) 399-4141
Socarrat Paella Bar - Midtown East,"953 Second Avenue New York, NY  10022",//www.google.com/maps/search/?api=1&query=40.7552520%2C-73.968451,(212) 759-0101
Socarrat Paella Bar - Chelsea,"259 W 19th St. New York, NY  10011",//www.google.com/maps/search/?api=1&query=40.7427570%2C-73.999476,(212) 462-1000
Felice 64 Wine Bar,"1166 1st avenue New York, NY  10065",//www.google.com/maps/search/?api=1&query=40.7625140%2C-73.959484,(212) 593-2223
Chazz Palminteri Italian Restaurant,"30 W 46th Street New York, NY  10036",//www.google.com/maps/search/?api=1&query=40.7564730%2C-73.98063,(212) 355-5540
Todd English at The Plaza Food Hall,,,
Rock Center Cafe,"Rockefeller Center 20. West 50th Street New York, NY  10020",//www.google.com/maps/search/?api=1&query=40.7580000%2C-73.977,(212) 332-7620
Rahi,,,
Cipriani - Dolci,"89 East 42nd Street Grand Central Terminal West Balcony New York, NY  10017",//www.google.com/maps/search/?api=1&query=40.7519560%2C-73.977232,(212) 973-0999
Perrine,"2 East 61st Street New York, NY  10065",//www.google.com/maps/search/?api=1&query=40.7651280%2C-73.972039,(212) 838-8000
Aretsky's Patroon,"160 East 46th Street New York, NY  10017",//www.google.com/maps/search/?api=1&query=40.7536220%2C-73.973695,(212) 883-7373
Neta,"61 West 8th Street New York, NY  10011",//www.google.com/maps/search/?api=1&query=40.7334310%2C-73.999077,(212) 505-2610
Café Centro,"Metlife Building 200 Park Avenue New York, NY  10166",//www.google.com/maps/search/?api=1&query=40.7538330%2C-73.975698,(212) 818-1222
The Sea Grill,"Rockefeller Center - 19 W.49th Street or via the concourse thru any Rockefeller Center entrance New York, NY  10020",//www.google.com/maps/search/?api=1&query=40.7580000%2C-73.977,(212) 332-7610
Morton's The Steakhouse - Midtown Manhattan,"551 5th Ave (entrance on 45th St.) New York, NY  10017",//www.google.com/maps/search/?api=1&query=40.7555820%2C-73.979297,(212) 972-3315
Davio's - Manhattan,,,
Hanjan,"36 West 26th Street New York, NY  10010",//www.google.com/maps/search/?api=1&query=40.7441790%2C-73.990668,(212) 206-7226
Le Colonial NYC,"149 E. 57th St New York, NY  10022",//www.google.com/maps/search/?api=1&query=40.7610000%2C-73.969,(212) 752-0808
High Street on Hudson,"637 hudson st New York, NY  10014",//www.google.com/maps/search/?api=1&query=40.7388420%2C-74.005791,(917) 388-3944
Society Cafe,"52 W 13th Street New York, NY  10011",//www.google.com/maps/search/?api=1&query=40.7363170%2C-73.996523,(212) 300-4525
Bistro Pierre Lapin,,,
Bedford & Co.,"118 East 40th Street New York, NY  10016",//www.google.com/maps/search/?api=1&query=40.7502080%2C-73.977637,(212) 634-4040
Ted's Montana Grill - NYC,"110 West 51st Street Time Life Bldg. New York, NY  10020",//www.google.com/maps/search/?api=1&query=40.7611920%2C-73.981581,(212) 245-5220
The House in Gramercy Park,"121 East 17th St New York, NY  10003",//www.google.com/maps/search/?api=1&query=40.7361320%2C-73.987743,(212) 353-2121
Inakaya,"231 West 40th Street New York, NY  10018",//www.google.com/maps/search/?api=1&query=40.7556230%2C-73.989558,(212) 354-2195
American Cut Steakhouse Midtown,"109 East 56th St. New York, NY  10022",//www.google.com/maps/search/?api=1&query=40.7607860%2C-73.970371,(212) 388-5277
Pampano New York,"209 E. 49th St. New York, NY  10017",//www.google.com/maps/search/?api=1&query=40.7551000%2C-73.971,(212) 751-4545
Shun Lee Palace,"155 East 55th Street New York, NY  10022",//www.google.com/maps/search/?api=1&query=40.7594570%2C-73.969509,(212) 371-8844
Feast,"102 3rd Ave. New York, NY  10003",//www.google.com/maps/search/?api=1&query=40.7325550%2C-73.98797,(212) 529-8880
Bocca,"39 East 19th Street New York, NY  10003",//www.google.com/maps/search/?api=1&query=40.7383090%2C-73.989553,(212) 387-1200
Rossini's Restaurant,"108 East 38 Street New York, NY  10016",//www.google.com/maps/search/?api=1&query=40.7492320%2C-73.97872,(212) 683-0135
Il Mulino Prime - Gramercy,,,
Irvington,"201 Park Ave S New York, NY 10003 New York, NY  10003",//www.google.com/maps/search/?api=1&query=40.7365430%2C-73.988749,(212) 677-0425
Nick & Stef’s Steakhouse - New York,"9 Penn Plaza New York, NY  10001",//www.google.com/maps/search/?api=1&query=40.7510730%2C-73.993289,(212) 563-4444
Barbetta Restaurant,"321 West 46th Street New York, NY  10036",//www.google.com/maps/search/?api=1&query=40.7600330%2C-73.988502,(212) 246-9171
Clement,"700 Fifth Avenue New York, NY  10019",//www.google.com/maps/search/?api=1&query=40.7618300%2C-73.975402,(212) 903-3918
Standard Grill,,,
Dos Caminos – Meatpacking,"675 Hudson Street at 14th Street New York, NY  10014",//www.google.com/maps/search/?api=1&query=40.7404350%2C-74.005212,(212) 699-2400
Docks Oyster Bar and Seafood Grill,"633 Third Avenue New York, NY  10017",//www.google.com/maps/search/?api=1&query=40.7497930%2C-73.974831,(212) 986-8080
The Cecil Steakhouse,"210 W 118th St New York, NY  10026",//www.google.com/maps/search/?api=1&query=40.8046950%2C-73.952523,(212) 866-1262
Empire Steak House- East,"151 East 50th Street New York, NY  10022",//www.google.com/maps/search/?api=1&query=40.7561990%2C-73.971202,(212) 582-6900
Osteria 57,,,
Empire Steakhouse - 237 West 54 Street off of Broadway,"237 West 54th Street New York, NY  10019",//www.google.com/maps/search/?api=1&query=40.7643680%2C-73.98313,(212) 586-9700
Tarallucci e Vino NoMad,"44 East 28th Street New York, NY  10016",//www.google.com/maps/search/?api=1&query=40.7435720%2C-73.984706,(212) 779-1100
Trattoria Italienne,"19 West 24th Street New York, NY  10010",//www.google.com/maps/search/?api=1&query=40.7436870%2C-73.99224,(212) 600-5139
Suzuki,"114 W 47th Street New York, NY  10036",//www.google.com/maps/search/?api=1&query=40.7581400%2C-73.983006,(212) 278-0010
Sofrito NYC,"679 Riverside Dr. New York, NY  10031",//www.google.com/maps/search/?api=1&query=40.8272370%2C-73.95526,(212) 754-5999
.Tarallucci e Vino Union Square,"15 East 18th Street New York, NY  10003",//www.google.com/maps/search/?api=1&query=40.7380810%2C-73.99083,(212) 228-5400
Gaby Brasserie Française,"44 West 45th Street - Gaby Brasserie Française Gaby Brasserie Française New York, NY  10036",//www.google.com/maps/search/?api=1&query=40.7561950%2C-73.981364,(212) 782-3040
Bocca Di Bacco (Chelsea - 20th St.),"169 9th Avenue New York, NY  10011",//www.google.com/maps/search/?api=1&query=40.7445350%2C-74.002902,(212) 989-8400
Merakia,,,
Giorgio's of Gramercy,"27 East 21st Street New York, NY  10010",//www.google.com/maps/search/?api=1&query=40.7396800%2C-73.989201,(212) 477-0007
Delmonico's Kitchen,"207 West 36th Street New York, NY  10018",//www.google.com/maps/search/?api=1&query=40.7524190%2C-73.989978,(212) 695-5220
Bobby Van's Grill Times Square,"120 W. 45th Street New York, NY  10036",//www.google.com/maps/search/?api=1&query=40.7570170%2C-73.983915,(212) 575-5623
Tender Restaurant,"130 W 47th Street New York, NY  10036",//www.google.com/maps/search/?api=1&query=40.7585540%2C-73.983101,(212) 514-6000
Jue Lan Club,"49 W 20th Street New York, NY  10011",//www.google.com/maps/search/?api=1&query=40.7410250%2C-73.993575,(646) 524-7409
Altesi Ristorante,"26 E 64th Street New York, NY  10065",//www.google.com/maps/search/?api=1&query=40.7666620%2C-73.969575,(212) 759-8900
Leonelli Taberna,,,
Astor Court,"2 East 55th Street New York, NY  10022",//www.google.com/maps/search/?api=1&query=40.7614000%2C-73.97487,(212) 339-6857
STATE Grill and Bar,"21 West 33rd Street New York, NY  10118",//www.google.com/maps/search/?api=1&query=40.7483460%2C-73.986424,(212) 216-9693
Haru Hell's Kitchen,"859 9th Ave New York, NY  10019",//www.google.com/maps/search/?api=1&query=40.7672380%2C-73.9866,(212) 301-4440
The Shakespeare,"24 E. 39th Street New York, NY  10016",//www.google.com/maps/search/?api=1&query=40.7506060%2C-73.980175,(646) 837-6779
Kingside,"124 WEST 57TH ST New York, NY  10019",//www.google.com/maps/search/?api=1&query=40.7646960%2C-73.978108,(212) 707-8000
La Fonda Del Sol,"200 Park Avenue at East 44th Street MetLife Building New York, NY  10020",//www.google.com/maps/search/?api=1&query=40.7537160%2C-73.977437,(212) 867-6767
Amma,"246 E. 51st Street New York, NY  10022",//www.google.com/maps/search/?api=1&query=40.7560000%2C-73.969,(212) 644-8330
Frankie & Johnnie's Steakhouse - Manhattan,"32 West 37th New York, NY  10018",//www.google.com/maps/search/?api=1&query=40.7507000%2C-73.9841,(212) 947-8940
Ben and Jack's Steakhouse 44th Street,"219 East 44th Street New York, NY  10017",//www.google.com/maps/search/?api=1&query=40.7518930%2C-73.97306,(212) 682-5678
Il Postino,"337 East 49th Street New York, NY  10017",//www.google.com/maps/search/?api=1&query=40.7532620%2C-73.966601,(212) 688-0033
Bread & Tulips,"365 Park Avenue South New York, NY  10016",//www.google.com/maps/search/?api=1&query=40.7421850%2C-73.984704,(212) 532-9100
Vandal,"199 Bowery New York, NY  10002",//www.google.com/maps/search/?api=1&query=40.7211380%2C-73.993373,(212) 400-0199
Bob's Steak & Chop House - New York,,,
Blenheim,"283 West 12th Street New York, NY  10014",//www.google.com/maps/search/?api=1&query=40.7375360%2C-74.004009,(212) 243-7073
Montebello Ristorante Italiano,"120 E. 56th St. New York, NY  10022",//www.google.com/maps/search/?api=1&query=40.7604910%2C-73.970195,(212) 753-1447
1 Darbar,"152 E 46th Street New York, NY  10017",//www.google.com/maps/search/?api=1&query=40.7540000%2C-73.974,(212) 681-4500
Meet the Meat,"23-92 21st Street Astoria, NY  11105",//www.google.com/maps/search/?api=1&query=40.7771740%2C-73.921291,(917) 832-7984
Cafe Clover,,,
Nobu Downtown | Restaurant,,,
2 Darbar Grill,"157 East 55th Street New York, NY  10022",//www.google.com/maps/search/?api=1&query=40.7593510%2C-73.968813,(212) 751-4600
Junoon Main Dining Room,"27 West 24th St. New York, NY  10010",//www.google.com/maps/search/?api=1&query=40.7431930%2C-73.990838,(212) 490-2100
Left Bank NYC,"117 Perry Street New York, NY  10014",//www.google.com/maps/search/?api=1&query=40.7351270%2C-74.00673,(212) 727-1170
Beauty & Essex- New York,"146 Essex Street New York, NY  10002",//www.google.com/maps/search/?api=1&query=40.7203670%2C-73.986774,(212) 614-0146
Mercer Kitchen,"99 Prince Street New York, NY  10012",//www.google.com/maps/search/?api=1&query=40.7248000%2C-73.9988,(212) 966-5454
The Dutch,"131 Sullivan Street New York, NY  10000",//www.google.com/maps/search/?api=1&query=40.7265770%2C-74.002204,(212) 677-6200
Lafayette,"380 Lafayette Street New York, NY  10003",//www.google.com/maps/search/?api=1&query=40.7275520%2C-73.993418,(212) 533-3000
Bar Primi,"325 Bowery New York, NY  10003",//www.google.com/maps/search/?api=1&query=40.7256460%2C-73.991812,(212) 220-9100
Lupa,"170 Thompson Street New York, NY  10012",//www.google.com/maps/search/?api=1&query=40.7276450%2C-74.000328,(212) 982-5089
Boucherie - West Village,"99 7th Avenue South New York, NY  10014",//www.google.com/maps/search/?api=1&query=40.7330470%2C-74.002877,(212) 837-1616
Lure New York,"142 Mercer New York, NY  10012",//www.google.com/maps/search/?api=1&query=40.7246000%2C-73.9984,(212) 431-7676
Indochine,"430 Lafayette Street New York, NY  10003",//www.google.com/maps/search/?api=1&query=40.7292410%2C-73.992523,(212) 505-5111
Hearth,"403 East 12 Street New York, NY  10009",//www.google.com/maps/search/?api=1&query=40.7299800%2C-73.983468,(646) 602-1300
The Loyal,,,
Sant Ambroeus SoHo,"265 Lafayette Street New York, NY  10012",//www.google.com/maps/search/?api=1&query=40.7234180%2C-73.996567,(212) 966-2770
Tamarind - Tribeca,"99 Hudson Street New York, NY  10013",//www.google.com/maps/search/?api=1&query=40.7189770%2C-74.008929,(212) 775-9000
El Vez New York,"259 Vesey Street New York, NY  10282",//www.google.com/maps/search/?api=1&query=40.7143160%2C-74.01514,(212) 233-2500
Pig and Khao,"68 Clinton Street New York, NY  10002",//www.google.com/maps/search/?api=1&query=40.7192500%2C-73.984737,(212) 920-4485
Sarabeth's TriBeCa,"339 Greenwich Street New York, NY  10013",//www.google.com/maps/search/?api=1&query=40.7183450%2C-74.010291,(212) 966-0421
MAMO Restaurant,,,
Leuca,"111 N 12th St Brooklyn, NY  11249",//www.google.com/maps/search/?api=1&query=40.7221200%2C-73.957168,(718) 581-5900
Bâtard,"239 West Broadway New York, NY  10013",//www.google.com/maps/search/?api=1&query=40.7196440%2C-74.005962,(212) 219-2777
Il Mulino New York - Downtown,"86 West 3rd Street New York, NY  10012",//www.google.com/maps/search/?api=1&query=40.7298290%2C-73.999091,(212) 673-3783
BAAR BAAR,"13 E 1st St New York, NY  10003",//www.google.com/maps/search/?api=1&query=40.7243890%2C-73.991552,(212) 228-1200
The Bombay Bread Bar,,,
Little Park,"85 West Broadway New York, NY  10007",//www.google.com/maps/search/?api=1&query=40.7151430%2C-74.009182,(212) 220-4110
Narcissa Restaurant,"25 Cooper Square New York, NY  10003",//www.google.com/maps/search/?api=1&query=40.7279310%2C-73.990785,(212) 228-3344
MR CHOW - TriBeca,"121 Hudson Street New York, NY  10013",//www.google.com/maps/search/?api=1&query=40.7199930%2C-74.008582,(212) 965-9500
Essex,"119 Rivington St New York, NY  10002",//www.google.com/maps/search/?api=1&query=40.7197070%2C-73.987415,(212) 533-9616
Pera Soho,"54 Thompson Street New York, NY  10012",//www.google.com/maps/search/?api=1&query=40.7239430%2C-74.00341,(212) 878-6305
Tribeca Grill,"375 Greenwich St New York, NY  10013",//www.google.com/maps/search/?api=1&query=40.7200000%2C-74.01,(212) 941-3900
Delmonico's,"56 Beaver Street New York, NY  10004",//www.google.com/maps/search/?api=1&query=40.7050000%2C-74.01,(212) 509-1144
Dos Caminos - SoHo,"475 West Broadway at Houston Street New York, NY  10012",//www.google.com/maps/search/?api=1&query=40.7265680%2C-73.999865,(212) 277-4300
Gran Morsi,"22 Warren Street New York, NY  10007",//www.google.com/maps/search/?api=1&query=40.7143530%2C-74.007741,(212) 577-2725
Toloache Thompson St.,"205 Thompson St. New York, NY  10012",//www.google.com/maps/search/?api=1&query=40.7285320%2C-73.99961,(212) 420-0600
Temple Court,"5 Beekman Street New York, NY  10003",//www.google.com/maps/search/?api=1&query=40.7111940%2C-74.006901,(212) 658-1848
Temple Court,"5 Beekman Street New York, NY  10003",//www.google.com/maps/search/?api=1&query=40.7111940%2C-74.006901,(212) 658-1848
Khe-Yo,"157 Duane St. New York, NY  10013",//www.google.com/maps/search/?api=1&query=40.7169060%2C-74.008586,(212) 587-1089
The Osprey,,,
SAN CARLO  Osteria Piemonte,"90 Thompson St New York, NY  10012",//www.google.com/maps/search/?api=1&query=40.7251350%2C-74.002087,(212) 625-1212
Osteria della Pace - Eataly NYC Downtown,"101 Liberty St Floor 3 New York, NY  10006",//www.google.com/maps/search/?api=1&query=40.7097160%2C-74.011713,(646) 677-8580
Il Mulino New York - Tribeca,,,
La Loteria,"29 7th Ave South New York, NY  10014",//www.google.com/maps/search/?api=1&query=40.7307520%2C-74.004144,(212) 858-9096
Porsena,"21 East 7th Street New York, NY  10003",//www.google.com/maps/search/?api=1&query=40.7286500%2C-73.989432,(212) 228-4923
Il Mulino Prime - SoHo,,,
Fonda - East Village,"40 Avenue B New York, NY  10009",//www.google.com/maps/search/?api=1&query=40.7228620%2C-73.982978,(212) 677-4096
10 Corso Como - New York,,,
The Woo,,,
Socarrat Paella Bar - Nolita,"284 Mulberry St. New York, NY  10012",//www.google.com/maps/search/?api=1&query=40.7245410%2C-73.995099,(212) 219-0101
Antica Pesa,,,
American Cut Steakhouse,"363 Greenwich Street New York, NY  10013",//www.google.com/maps/search/?api=1&query=40.7193040%2C-74.010204,(212) 226-4736
The Palm Tribeca,"206 West Street New York, NY  10282",//www.google.com/maps/search/?api=1&query=40.7165260%2C-74.012682,(646) 395-6393
La Sirene,"558  Broome Street (closer to Varick) New York, NY  10013",//www.google.com/maps/search/?api=1&query=40.7245070%2C-74.005684,(212) 925-3061
CUT By Wolfgang Puck at FS Downtown New York,"99 Church St New York, NY  10007",//www.google.com/maps/search/?api=1&query=40.7128030%2C-74.009064,(646) 880-1995
The Capital Grille - NY- Wall Street,,,
Felice 15 Gold Street,"15 Gold Street New York, NY  10038",//www.google.com/maps/search/?api=1&query=40.7078900%2C-74.00709,(212) 785-5950
Rosa Mexicano - TriBeCa,"41 Murray Street New York, NY  10007",//www.google.com/maps/search/?api=1&query=40.7141830%2C-74.008996,(212) 849-2885
Barano,"26 Broadway Brooklyn, NY  11249",//www.google.com/maps/search/?api=1&query=40.7103280%2C-73.96784,(347) 987-4500
Frankie and Johnnie's Steakhouse - 46th Street,"320 West 46th New York, NY  10036",//www.google.com/maps/search/?api=1&query=40.7599750%2C-73.988913,(212) 997-9494
The Wright,,,
Henry at Life Hotel,,,
Strip House Speakeasy,"11 East 12th Street New York, NY  10003",//www.google.com/maps/search/?api=1&query=40.7344850%2C-73.993432,(212) 838-9197
The Morgan Dining Room,"225 Madison Avenue New York, NY  10016",//www.google.com/maps/search/?api=1&query=40.7492090%2C-73.981526,(212) 683-2130
The Library at the Public,"425 Lafayette Street New York, NY  10003",//www.google.com/maps/search/?api=1&query=40.7291360%2C-73.992028,(212) 539-8777
Cipriani - Wall Street,"55 Wall Street New York, NY  10015",//www.google.com/maps/search/?api=1&query=40.7059380%2C-74.009159,(212) 699-4096
Tarallucci e Vino East Village,,,
Thalassa,"179 Franklin Street New York, NY  10013",//www.google.com/maps/search/?api=1&query=40.7193000%2C-74.0092,(212) 941-7661
Limani,,,
Schilling,"109 Washington Street New york, NY  10028",//www.google.com/maps/search/?api=1&query=40.7085740%2C-74.013989,(212) 406-1200
Altesi Downtown,"200 Spring Street New York, NY  10012",//www.google.com/maps/search/?api=1&query=40.7252000%2C-74.0033,(212) 431-1212
Harold's,,,
Benchmark Restaurant,"339A Second St. Brooklyn, NY  11215",//www.google.com/maps/search/?api=1&query=40.6736470%2C-73.983262,(718) 965-7040
Bellini,,,
Bellini,,,
Bistrot Leo,"60 Thompson Street New York, NY  10012",//www.google.com/maps/search/?api=1&query=40.7240060%2C-74.00307,(212) 219-8119
MarkJoseph Steakhouse,"261 Water Street New York, NY  10038",//www.google.com/maps/search/?api=1&query=40.7084090%2C-74.001578,(212) 277-0020
ATRIO Wine Bar & Restaurant,"102 North End Avenue New York, NY  10282",//www.google.com/maps/search/?api=1&query=40.7147890%2C-74.016179,(646) 769-4250
Nonna Beppa,,,
The Tuck Room- New York,"11 Fulton Street New York, NY  10038",//www.google.com/maps/search/?api=1&query=40.7067820%2C-74.003289,(212) 776-8273
Morton's The Steakhouse - World Trade Center,"136 Washington New York, NY  10006",//www.google.com/maps/search/?api=1&query=40.7095790%2C-74.013907,(212) 608-0171
Joseph's Restaurant,,,
2 West at The Wagner Hotel,,,
Greenhouse Cafe,"7717 3rd Avenue Brooklyn, NY  11209-3001",//www.google.com/maps/search/?api=1&query=40.6295190%2C-74.028273,(718) 833-8200
"Lorenzo's Restaurant, Bar & Caberet - Hilton Garden Inn - SI","1100 South Ave. Staten Island, NY  10314",//www.google.com/maps/search/?api=1&query=40.6147900%2C-74.176557,(718) 477-2400
Soogil,,,
Senya,,,
Yellow Magnolia Café,"Brooklyn Botanic Garden 990 Washington Ave Brooklyn, NY  11225",//www.google.com/maps/search/?api=1&query=40.6694370%2C-73.962844,(718) 307-7136
Stella Trattoria & Bar,,,
